iter	Logloss
0	0.679667637
1	0.6672489642
2	0.6551185437
3	0.6442253856
4	0.6338003223
5	0.6238443379
6	0.614961107477	0.608108063688	0.599964835199	0.5923905461110	0.5862077611111	0.579264612	112	0.57228413	0113	0.5650614	0.114	0.5577215	0.115	0.5490516	0.116	0.5442217	0.117	0.5381418	0.118	0.533619	0.5119	0.528120	0.5220	0.522821	0.5221	0.517922	0.5222	0.514323	0.5223	0.509524	0.5224	0.505125	0.2525	0.50126	0.42626	0.49727	0.42727	0.49328	0.42828	0.48929	0.42929	0.48630	0.43030	0.48331	0.43131	0.47932	0.43232	0.47633	0.4333	0.474134	0.4334	0.470935	0.4335	0.468736	0.4336	0.465837	037	37	0.463638	03838	0.4615839	39	39	0.4587564783

